agency_nbr,agency,status
2,Abraham Lincoln Capital Airport PD,Active
3,Adams Co Circuit Clerk,Active
4,Adams Co Coroner's Office,Inactive
5,Adams Co State's Attorney,Inactive
6,Adams County Sheriff's Office,Active
7,Addison Police Dept,Active
8,Albany Police Dept,Active
9,Albers Police Dept,Active
10,Albion Police Dept,Active
11,Aledo Police Dept,Active
12,Alexander Co Circuit Clerk,Active
13,Alexander Co Coroner's Office,Inactive
14,Alexander Co State's Attorney,Inactive
15,Alexander County Sheriff's Office,Active
16,Alexis Police Dept,Active
17,Algonquin Police Dept,Active
18,Alma Police Dept,Active
19,Alorton Police Dept,Active
20,Alpha Police Department,Active
21,Alsey Police Department,Inactive
22,Alsip Police Dept,Active
23,Altamont Police Dept,Active
24,Alton & Southern Railway Police,Active
25,Alton Police Dept,Active
26,Altona Police Dept,Inactive
27,Alvin Police Department,Inactive
28,Amboy Police Dept,Active
29,Amtrak Police Dept,Active
30,Andalusia Police Dept,Inactive
31,Anna Police Dept,Active
32,Annawan Police Dept,Active
33,Antioch Police Dept,Active
34,Apple River Police Dept,Active
35,Arcola Police Dept,Active
36,Arenzville Police Deparment,Inactive
37,Argenta Police Dept,Inactive
38,Arlington Heights Police Dept,Active
39,Armington Police Department,Active
40,Aroma Park Police Dept,Inactive
41,Arthur Police Dept,Active
42,Ashkum Police Dept,Active
43,Ashland Police Dept,Active
44,Ashley Police Dept,Inactive
45,Ashton Police Dept,Active
46,Assumption Police Dept,Active
47,Astoria Police Dept,Inactive
48,Athens Police Dept,Active
49,Atkinson Police Dept,Active
50,Atlanta Police Dept,Active
51,Atwood Police Dept,Active
52,Auburn Police Dept,Active
53,Augusta Police Dept,Inactive
54,Aurora Police Dept,Active
55,Aurora University Police Dept,Active
56,Ava Police Dept,Active
57,Aviston Police Dept,Active
58,Avon Police Dept,Active
59,Baldwin Police Dept,Active
60,Bannockburn Police Dept,Active
61,Barrington Hills Police Dept,Active
62,Barrington Police Dept,Active
63,Barry Police Dept,Inactive
64,Bartlett Police Dept,Active
65,Bartonville Police Dept,Active
66,Batavia Police Dept,Active
67,Bath Police Dept,Active
68,Baylis Police Department,Inactive
69,Bayview Gardens Police Dept,Active
70,Beardstown Police Dept,Active
71,Beckemeyer Police Dept,Active
72,Bedford Park Police Dept,Active
73,Beecher Police Dept,Active
74,Belgium Police Dept,Inactive
75,Belleville Police Dept,Active
76,Bellflower Police Dept,Inactive
77,Bellwood Police Dept,Active
78,Belt Railway Police Dept,Active
79,Belvidere Police Dept,Active
80,Bement Police Dept,Active
81,Benedictine University Police Dept,Active
82,Benedictine University Springfield,Active
83,Benld Police Dept,Inactive
84,Bensenville Police Dept,Active
85,Benson Police Dept,Inactive
86,Benton Park District Police Dept,Inactive
87,Benton Police Dept,Active
88,Berkeley Police Dept,Active
89,Berwyn Police Dept,Active
90,Bethalto Police Dept,Active
91,Bethany Police Dept,Active
92,Biggsville Police Dept,Inactive
93,Black Hawk College Police Dept,Active
94,Blandinsville Police Dept,Active
95,Bloomingdale Police Dept,Active
96,Bloomington Lake & Park Police,Inactive
97,Bloomington Police Dept,Active
98,Blue Island Police Dept,Active
99,Blue Mound Police Dept,Active
100,Bluffs Police Department,Active
101,Bolingbrook Police Dept,Active
102,Bond Co Circuit Clerk,Active
103,Bond Co Coroner's Office,Inactive
104,Bond Co State's Attorney,Active
105,Bond County Sheriff's Office,Active
106,Bonnie Police Dept,Inactive
107,Boone Co Circuit Clerk,Active
108,Boone Co Coroner's Office,Inactive
109,Boone Co State's Attorney,Active
110,Boone County Sheriff's Office,Active
111,Bourbonnais Police Dept,Active
112,Bradford Police Dept,Active
113,Bradley Police Department,Active
114,Bradley Univ Police Dept,Active
115,Braidwood Police Dept,Active
116,Breese Police Dept,Active
117,Bridgeport Police Dept,Active
118,Bridgeview Police Dept,Active
119,Brighton Police Dept,Active
120,Brimfield Police Dept,Inactive
121,Broadview Police Dept,Active
122,Brocton Police Dept,Active
123,Brookfield Police Dept,Active
124,Brookfield Zoo Police Dept,Active
125,Brooklyn Police Dept,Active
126,Brookport Police Dept,Active
127,Brown Co Circuit Clerk,Active
128,Brown Co Coroner's Office,Inactive
129,Brown Co State's Attorney,Inactive
130,Brown County Sheriff's Office,Active
131,Brownstown Police Dept,Active
132,Buckingham Police Dept,Inactive
133,Buckley Police Dept,Active
134,Buckner Police Dept,Active
135,Buda Police Dept,Active
136,Buffalo Grove Police Dept,Active
137,Buffalo-Mechanicsburg Police Dept,Active
138,Bull Valley Police Dept,Active
139,Buncombe Police Dept,Inactive
140,Bunker Hill Police Dept,Active
141,Burbank Police Dept,Active
142,Bureau Co Circuit Clerk,Active
143,Bureau Co Coroner's Office,Inactive
144,Bureau Co State's Attorney,Active
145,Bureau County Sheriff's Office,Active
146,Bureau Police Dept,Active
147,Burlington Northern/Santa Fe Railrd,Active
148,Burlington Police Dept,Inactive
149,Burnham Police Dept,Active
150,Burr Ridge Police Dept,Active
151,Bush Police Dept,Inactive
152,Bushnell Police Dept,Active
153,Byron Police Dept,Active
154,Cahokia Police Dept,Active
155,Cahokia School Dist #187 Police,Inactive
156,Cairo Police Dept,Active
157,Calhoun Co Circuit Clerk,Active
158,Calhoun Co Coroner's Office,Inactive
159,Calhoun Co State's Attorney,Active
160,Calhoun County Sheriff's Office,Active
161,Calumet City Police Dept,Active
162,Calumet Park Police Dept,Active
163,Cambria Police Dept,Active
164,Cambridge Police Dept,Inactive
165,Camp Point Police Dept,Active
166,Campton Hills Police Dept,Active
167,Canadian National Railroad Police,Active
168,Canadian Pacific Police Service,Active
169,Canton Park Dist Police Dept,Active
170,Canton Police Dept,Active
171,Capron Police Department,Inactive
172,Carbon Cliff Police Dept,Inactive
173,Carbondale Police Dept,Active
174,Carl Sandburg Campus Public Safety,Active
175,Carlinville Police Dept,Active
176,Carlyle Police Dept,Active
177,Carmi Police Dept,Active
178,Carol Stream Park Police Dept,Inactive
179,Carol Stream Police Dept,Active
180,Carpentersville Police Dept,Active
181,Carrier Mills Police Dept,Active
182,Carroll Co Circuit Clerk,Active
183,Carroll Co Coroner's Office,Inactive
184,Carroll Co State's Attorney,Active
185,Carroll County Sheriff's Office,Active
186,Carrollton Police Dept,Active
187,Carterville Police Dept,Active
188,Carthage Police Dept,Active
189,Cary Police Dept,Active
190,Casey Police Dept,Active
191,Caseyville Police Dept,Active
192,Cass Co Circuit Clerk,Active
193,Cass Co Coroner's Office,Inactive
194,Cass Co State's Attorney,Inactive
195,Cass County Sheriff's Office,Active
196,Catlin Police Dept,Active
197,Cave-in-Rock Police Dept,Active
198,Cedar Point Police Dept,Active
199,Cedarville Police Dept,Active
200,Central City Police Dept,Active
201,Centralia Police Dept,Active
202,Centreville Police Dept,Active
203,Cerro Gordo Police Dept,Inactive
205,CHA Inspector General,Active
206,Chadwick Police Dept,Active
207,Champaign Co Circuit Clerk,Active
208,Champaign Co Coroner's Office,Inactive
209,Champaign Co Forest Pres Dist,Inactive
210,Champaign Co State's Attorney,Active
211,Champaign County Sheriff's Office,Active
212,Champaign Police Dept,Active
213,Chandlerville Police Dept,Active
214,Channahon Police Dept,Active
215,Chapin Police Department,Active
216,Charleston Police Dept,Active
217,Chatham Police Dept,Active
218,Chebanse Police Dept,Inactive
219,Chenoa Police Dept,Active
220,Cherry Police Dept,Active
221,Cherry Valley Police Dept,Active
222,Chester Police Dept,Active
223,Chesterfield Police Dept,Inactive
224,Chicago Heights Park Dist PD,Active
225,Chicago Heights Police Dept,Active
226,Chicago Housing Auth Police Dept,Inactive
227,Chicago Police Dept,Active
228,Chicago Ridge Police Dept,Active
229,Chicago State University Police,Active
230,Chicago Transit Authority Police,Inactive
231,Chillicothe Police Dept,Active
232,Chrisman Police Dept,Active
233,Christian Co Circuit Clerk,Active
234,Christian Co Coroner's Office,Inactive
235,Christian Co State's Attorney,Inactive
236,Christian County Sheriff's Office,Active
237,Christopher Police Dept,Active
238,Cicero Police Dept,Active
239,Cissna Park Police Dept,Active
240,City Colleges Of Chicago,Inactive
241,Clarendon Hills Police Dept,Active
242,Clark Co Circuit Clerk,Active
243,Clark Co Coroner's Office,Inactive
244,Clark Co State's Attorney,Active
245,Clark County Sheriff's Office,Active
246,Clay City Police Dept,Inactive
247,Clay Co Circuit Clerk,Active
248,Clay Co Coroner's Office,Inactive
249,Clay Co State's Attorney,Active
250,Clay County Sheriff's Office,Active
251,Clayton Police Dept,Active
252,Clifton Police Department,Active
253,Clinton Co Circuit Clerk,Active
254,Clinton Co Coroner's Office,Inactive
255,Clinton Co State's Attorney,Inactive
256,Clinton County Sheriff's Office,Active
257,Clinton Police Dept,Active
258,Clyde Park Dist Police Dept,Inactive
259,Coal City Police Dept,Active
260,Coal Valley Police Dept,Active
261,Cobden Police Dept,Active
262,Coffeen Police Dept,Active
263,Colchester Police Dept,Active
264,Coles Co Circuit Clerk,Active
265,Coles Co Coroner's Office,Inactive
266,Coles Co State's Attorney,Active
267,Coles County Airport Police Dept,Inactive
268,Coles County Sheriff's Office,Active
269,Colfax Police Dept,Active
270,College of DuPage Police Department,Active
271,College of Lake County Police Dept,Active
272,Collinsville Police Dept,Active
273,Colona Police Dept,Active
274,Columbia Police Dept,Active
275,Conrail Police Department,Inactive
276,Cook Co Circuit Clerk,Active
277,Cook Co State's Attorney,Active
278,Cook County Court Services,Active
279,Cook County Dept Of Corrections,Active
280,Cook County Forest Pres Dist Police,Active
281,Cook County Sheriff's Office,Active
282,Cook County Sheriff's Police,Active
283,Cordova Police Dept,Inactive
284,Cortland Police Dept,Active
285,Coulterville Police Dept,Active
286,Country Club Hills Police Dept,Active
287,Countryside Police Department,Active
288,Cowden Police Department,Active
289,Crainville Police Dept,Active
290,Crawford Co Circuit Clerk,Active
291,Crawford Co Coroner's Office,Inactive
292,Crawford Co State's Attorney,Inactive
293,Crawford County Sheriff's Office,Active
294,Creal Springs Police Dept,Active
295,Crest Hill Police Dept,Active
296,Crestwood Police Dept,Active
297,Crete Police Dept,Active
298,Creve Coeur Police Dept,Active
299,Crossville Police Dept,Active
300,Crystal Lake Park Dist Police Dept,Active
301,Crystal Lake Police Dept,Active
302,CSX Railroad Police Dept,Active
303,CTA Inspector General,Inactive
304,Cuba Police Dept,Inactive
305,Cullom Police Dept,Inactive
306,Cumberland Co Circuit Clerk,Active
307,Cumberland Co Coroner's Office,Inactive
308,Cumberland Co State's Attorney,Active
309,Cumberland County Sheriff's Office,Active
310,Cutler Police Dept,Inactive
311,Cypress Police Dept,Inactive
312,Dakota Police Dept,Inactive
313,Dallas City Police Dept,Active
314,Dalzell Police Dept,Active
315,Danvers Police Dept,Active
316,Danville Police Dept,Active
317,Darien Police Dept,Active
318,Decatur Park Police Dept,Active
319,Decatur Police Dept,Active
320,Deer Creek Police Dept,Active
321,Deerfield Police Dept,Active
322,DeKalb Co Circuit Clerk,Active
323,DeKalb Co Coroner's Office,Inactive
324,DeKalb Co State's Attorney,Inactive
325,DeKalb County Sheriff's Office,Active
326,DeKalb Police Dept,Active
327,Delavan Police Dept,Active
328,Chicago Dept of Aviation Police,Inactive
329,Dept of Vet Affair Police - N Chic,Inactive
330,DePue Police Dept,Active
331,Des Plaines Police Dept,Active
332,DeSoto Police Dept,Active
333,DeWitt Co Circuit Clerk,Active
334,DeWitt Co Coroner's Office,Inactive
335,DeWitt Co State's Attorney,Inactive
336,DeWitt County Sheriff's Office,Active
337,Divernon Police Dept,Active
338,Dixmoor Park Dist Police Dept,Inactive
339,Dixmoor Police Dept,Active
340,Dixon Police Dept,Active
341,Dolton Park Dist Police Dept,Inactive
342,Dolton Police Dept,Active
343,Dongola  Police Dept,Active
344,Donnellson Police Dept,Active
345,Donovan Police Dept,Inactive
346,Douglas Co Circuit Clerk,Active
347,Douglas Co Coroner's Office,Inactive
348,Douglas Co State's Attorney,Active
349,Douglas County Sheriff's Office,Active
350,Dowell Police Dept,Active
351,Downers Grove Police Dept,Active
352,Downs  Police Dept,Active
353,Dunfermline Police Dept,Active
354,DuPage Co Circuit Clerk,Active
355,DuPage Co Coroner's Office,Inactive
356,DuPage Co Forest Pres Police,Active
357,DuPage Co State's Attorney,Active
358,DuPage County Sheriff's Office,Active
359,Dupo Police Dept,Active
360,Du Quoin Police Dept,Active
361,Durand Police Department,Active
362,Dwight Police Dept,Active
363,Eagarville Police Department,Inactive
364,Earlville Police Dept,Active
365,East Alton Police Dept,Active
366,East Cape Girardeau Police Dept,Active
367,East Carondelet Police Dept,Active
368,East Dubuque Police Dept,Active
369,East Dundee Police Dept,Active
370,East Galesburg Police Dept,Active
371,East Hazel Crest Police Dept,Active
372,East Moline Police Dept,Active
373,East Peoria Police Dept,Active
374,East St. Louis Comm Coll Police Dep,Inactive
375,East St. Louis Park Dist Police,Active
376,East St. Louis Police Dept,Active
377,Eastern IL University Police Dept,Active
378,Easton Police Dept,Active
379,Edgar Co Circuit Clerk,Active
380,Edgar Co Coroner's Office,Inactive
381,Edgar Co State's Attorney,Active
382,Edgar County Sheriff's Office,Active
383,Edgewood Police Dept,Inactive
384,Edinburg Police Dept,Active
385,Edwards Co Circuit Clerk,Active
386,Edwards Co Coroner's Office,Inactive
387,Edwards Co State's Attorney,Active
388,Edwards County Sheriff's Office,Active
389,Edwardsville Police Dept,Active
390,Effingham Co Circuit Clerk,Active
391,Effingham Co Coroner's Office,Inactive
392,Effingham Co State's Attorney,Active
393,Effingham County Sheriff's Office,Active
394,Effingham Police Dept,Active
395,Effingham Water Auth Police Dept,Active
396,EJ&E Railway Police Dept,Inactive
397,El Paso Police Dept,Active
398,Elburn Police Dept,Active
399,Eldorado Police Dept,Active
400,Eldred Police Dept,Inactive
401,Elgin Community College Police Dept,Active
402,Elgin Police Dept,Active
403,Elizabeth Police Dept,Active
404,Elizabethtown Police Dept,Active
405,Elk Grove Village Police Dept,Active
406,Elkhart Police Department,Active
407,Elkville Police Dept,Active
408,Ellis Grove Police Dept,Active
409,Ellisville Police Dept,Inactive
410,Ellsworth Police Dept,Inactive
411,Elmhurst Police Department,Active
412,Elmwood Park Police Dept,Active
413,Elmwood Police Dept,Active
414,Elsah Police Dept,Active
415,Elwood Police Dept,Active
416,Emden Police Dept,Inactive
417,Energy Police Dept,Active
418,Enfield Police Dept,Active
419,Equality Police Dept,Active
420,Erie Police Dept,Active
421,Essex Police Dept,Active
422,Eureka Police Dept,Active
423,Evanston Police Dept,Active
424,Evansville Police Dept,Active
425,Evergreen Park Police Dept,Active
426,Ewing Police Department,Active
427,Fairbury Police Dept,Active
428,Fairfield Police Dept,Active
429,Fairmont City Police Dept,Active
430,Fairmount Police Dept,Active
431,Fairview Heights Police Dept,Active
432,Fairview Police Dept,Active
433,Farina Police Dept,Active
434,Farmer City Police Dept,Active
435,Farmington Police Dept,Active
436,Fayette Co Circuit Clerk,Active
437,Fayette Co Coroner's Office,Inactive
438,Fayette Co State's Attorney,Active
439,Fayette County Sheriff's Office,Active
440,Fayetteville Police Dept,Active
441,Fidelity Police Dept,Inactive
442,Fillmore Police Dept,Active
443,Findlay Police Dept,Active
444,Fisher Police Dept,Active
445,Fithian Police Dept,Active
446,Flora Police Dept,Active
447,Flossmoor Police Dept,Active
448,Fondulac Park Dist Police Dept,Active
449,Ford Co Circuit Clerk,Active
450,Ford Co Coroner's Office,Inactive
451,Ford Co State's Attorney,Inactive
452,Ford County Sheriff's Office,Active
453,Ford Heights Police Dept,Inactive
454,Forest City Police Dept,Active
455,Forest Park Park Dist Police Dept,Inactive
456,Forest Park Police Dept,Active
457,Forest View Police Dept,Active
458,Forreston Police Dept,Active
459,Fox Lake Police Dept,Active
460,Fox River Grove Police Dept,Active
461,Fox Valley Airport Authority Police,Inactive
462,Fox Valley Park Dist Police Dept,Active
463,Frankfort Police Dept,Active
464,Franklin Co Circuit Clerk,Active
465,Franklin Co Coroner's Office,Inactive
466,Franklin Co State's Attorney,Inactive
467,Franklin County Sheriff's Office,Active
468,Franklin Grove Police Dept,Active
469,Franklin Park Police Dept,Active
470,Franklin Police Dept,Inactive
471,Freeburg Police Dept,Active
472,Freeman Spur Police Dept,Active
473,Freeport Police Dept,Active
474,Fulton Co Circuit Clerk,Active
475,Fulton Co Coroner's Office,Inactive
476,Fulton Co State's Attorneys,Inactive
477,Fulton County Sheriff's Office,Active
478,Fulton Police Dept,Active
479,Galatia Police Dept,Active
480,Galena Police Department,Active
481,Galesburg Police Dept,Active
482,Galesburg Public School Police Dept,Inactive
483,Gallatin Co Circuit Clerk,Active
484,Gallatin Co Coroner's Office,Inactive
485,Gallatin Co State's Attorney,Inactive
486,Gallatin County Sheriff's Office,Active
487,Galva Police Dept,Active
488,Gardner Police Dept,Inactive
489,Geneseo Police Dept,Active
490,Geneva Police Dept,Active
491,Genoa Police Dept,Active
492,Georgetown Police Dept,Active
493,German Valley Police Dept,Active
494,Germantown Police Dept,Active
495,Gibson City Police Dept,Active
496,Gifford Police Dept,Active
497,Gilberts Police Dept,Active
498,Gillespie Police Dept,Active
499,Gilman Police Dept,Active
500,Girard Police Dept,Active
501,Gladstone Police Dept,Active
502,Glasford Police Dept,Active
503,Glen Carbon Police Dept,Active
504,Glen Ellyn Police Dept,Active
505,Glencoe Dept Public Safety,Active
506,Glendale Heights Police Dept,Active
507,Glenview Police Dept,Active
508,Glenwood Police Dept,Active
509,Godley Police Dept,Inactive
510,Golconda Police Dept,Active
511,Golden Police Dept,Inactive
512,Golf Police Dept,Active
513,Goodfield  Police Department,Inactive
514,Goreville Police Dept,Active
515,Gorham Police Dept,Inactive
516,Governors State Univ Police Dept,Active
517,Grafton Police Dept,Active
518,Grand Ridge Police Dept,Active
519,Grand Tower Police Dept,Active
520,Grandview Police Dept,Active
521,Granite City Police Dept,Active
522,Grant Park Police Department,Active
523,Grantfork Police Department,Active
524,Granville Police Dept,Active
525,Grayslake Police Dept,Active
526,Grayville Police Dept,Active
527,Great Lakes Police Dept,Inactive
528,Greater Peoria Airport Auth Police,Inactive
529,Greater Rockford Airport Police,Inactive
530,Green Rock Police Dept,Inactive
531,Green Valley Police Dept,Active
532,Greene Co Circuit Clerk,Active
533,Greene Co Coroner's Office,Inactive
534,Greene Co State's Attorney,Active
535,Greene County Sheriff's Office,Active
536,Greenfield Police Dept,Active
537,Greenup Police Dept,Active
538,Greenview Police Dept,Active
539,Greenville Police Dept,Active
540,Gridley Police Dept,Inactive
541,Griggsville Police Dept,Inactive
542,Grundy Co Circuit Clerk,Active
543,Grundy Co Coroner's Office,Inactive
544,Grundy Co State's Attorney,Active
545,Grundy County Sheriff's Office,Active
546,Gulfport Police Dept,Active
547,Gurnee Police Dept,Active
548,Hainesville Police Dept,Inactive
549,Hamel Police Dept,Active
550,Hamilton Co Circuit Clerk,Active
551,Hamilton Co Coroner's Office,Inactive
552,Hamilton Co State's Attorney,Active
553,Hamilton County Sheriff's Office,Active
554,Hamilton Police Dept,Active
555,Hampshire Police Dept,Active
556,Hampton Police Dept,Active
557,Hancock Co Circuit Clerk,Active
558,Hancock Co Coroner's Office,Inactive
559,Hancock Co State's Attorney,Inactive
560,Hancock County Sheriff's Office,Active
561,Hanna City Police Dept,Inactive
562,Hanover Park Police Dept,Active
563,Hanover Police Dept,Active
564,Hardin Co Circuit Clerk,Active
565,Hardin Co Coroner's Office,Inactive
566,Hardin Co State's Attorney,Active
567,Hardin County Sheriff's Office,Active
568,Hardin Police Dept,Active
569,Harper College Police Dept,Active
570,Harrisburg Police Department,Active
571,Hartford Police Dept,Active
572,Harvard Police Dept,Active
573,Harvel Police Dept,Inactive
574,Harvey Bomb & Arson,Inactive
575,Harvey Police Dept,Active
576,Harwood Heights Police Dept,Active
577,Havana Police Dept,Active
578,Hawthorn Woods Police Dept,Active
579,Hawthorne Park Dist Police Dept,Inactive
580,Hazel Crest Police Dept,Active
581,Hebron Police Dept,Active
582,Hecker Police Dept,Inactive
583,Henderson Co Circuit Clerk,Active
584,Henderson Co Coroner's Office,Inactive
585,Henderson Co State's Attorney,Inactive
586,Henderson County Sheriff's Office,Active
587,Hennepin Police Dept,Inactive
588,Henning Police Dept,Active
589,Henry Co Circuit Clerk,Inactive
590,Henry Co Coroner's Office,Inactive
591,Henry Co State's Attorney,Active
592,Henry County Sheriff's Office,Active
593,Henry Police Dept,Active
594,Herrick Police Dept,Inactive
595,Herrin Police Dept,Active
596,Herscher Police Dept,Active
597,Heyworth Police Dept,Active
598,Hickory Hills Police Dept,Active
599,Highland Park Police Dept,Active
600,Highland Police Dept,Active
601,Highwood Police Dept,Active
602,Hillcrest Police Dept,Inactive
603,Hillsboro Police Dept,Active
604,Hillsdale Police Dept,Inactive
605,Hillside Police Dept,Active
606,Hinckley Police Dept,Active
607,Hindsboro Police Dept,Active
608,Hinsdale Police Dept,Active
609,Hodgkins Police Dept,Active
610,Hoffman Estates Police Dept,Active
611,Holiday Hills Police Dept,Active
612,Hollowayville/Seatonville Police,Inactive
613,Homer Police Dept,Active
614,Hometown Police Dept,Active
615,Homewood Police Dept,Active
616,Hoopeston Police Dept,Active
617,Hopedale Police Dept,Active
618,Hopkins Park Police Department,Inactive
619,Hudson Police Dept,Active
620,Huey Police Dept,Inactive
621,Humboldt Police Dept,Inactive
622,Hume Police Dept,Active
623,Huntley Police Dept,Active
624,Hurst Police Dept,Active
625,Hutsonville Police Department,Active
626,I & M Rail Link LLC Police,Inactive
627,Illinois Dept of CMS,Inactive
628,Illinois Dept of Fin. & Profess Reg,Inactive
629,Illinois Dept of Natural Resources,Active
630,Illinois Dept of Revenue,Active
631,Illinois & Midland Railroad Police,Inactive
632,Illinois Attorney General,Active
633,Illinois Central College Police Dep,Active
634,Illinois Commerce Commission Police,Active
635,Illinois Dept of Corrections,Inactive
636,Illinois Gaming Board Police,Active
637,Illinois Inst Of Tech Police Dept,Inactive
638,Illinois Liquor Control Commission,Active
639,Illinois Securities Department,Active
640,Illinois State University Police,Active
641,Illiopolis Police Dept,Inactive
642,Ina Police Dept,Active
643,Indian Head Park Police Dept,Active
644,Indiana Harbor Belt RR Police,Active
645,Indiana Harbor R.R. Police,Inactive
646,Indianola Police Dept,Active
647,Inverness Police Dept,Active
648,Iowa Interstate Railroad Police,Inactive
649,Iroquois Co Circuit Clerk,Active
650,Iroquois Co Coroner's Office,Inactive
651,Iroquois Co State's Attorney,Active
652,Iroquois County Sheriff's Office,Active
653,Irving Police Dept,Active
654,Irvington Police Dept,Active
655,Island Lake Police Dept,Active
656,Itasca Police Dept,Active
657,Iuka Police Dept,Active
658,Jackson Co Circuit Clerk,Active
659,Jackson Co Coroner's Office,Inactive
660,Jackson Co State's Attorney,Active
661,Jackson County Sheriff's Office,Active
662,Jacksonville Police Dept,Active
663,Jasper Co Circuit Clerk,Active
664,Jasper Co Coroner's Office,Inactive
665,Jasper Co State's Attorney,Inactive
666,Jasper County Sheriff's Office,Active
667,Jefferson Co Circuit Clerk,Active
668,Jefferson Co Coroner's Office,Inactive
669,Jefferson Co State's Attorney,Active
670,Jefferson County Sheriff's Office,Active
671,Jerome Police Dept,Active
672,Jersey Co Circuit Clerk,Active
673,Jersey Co Coroner's Office,Inactive
674,Jersey Co State's Attorney,Active
675,Jersey County Sheriff's Office,Active
676,Jerseyville Police Dept,Active
677,Jo Daviess Co Circuit Clerk,Active
678,Jo Daviess Co Coroner's Office,Inactive
679,Jo Daviess Co State's Attorney,Active
680,Jo Daviess County Sheriff's Office,Active
681,John A Logan College Police Dept,Active
682,Cook County Hospital System Police,Active
683,John Wood Comm. College Police Dept,Active
684,Johnsburg Police Dept,Active
685,Johnson Co Circuit Clerk,Active
686,Johnson Co Coroner's Office,Inactive
687,Johnson Co State's Attorney,Inactive
688,Johnson County Sheriff's Office,Active
689,Johnston City Police Dept,Active
690,Joliet Junior College Police Dept,Active
691,Joliet Police Dept,Active
692,Jonesboro Police Dept,Active
693,Joppa Police Department,Active
694,Joy Police Dept,Inactive
695,Junction City Police Dept,Active
696,Justice Police Dept,Active
697,Kane Co Circuit Clerk,Active
698,Kane Co Coroner's Office,Inactive
699,Kane Co Forest Pres Police Dept,Active
700,Kane Co State's Attorney,Active
701,Kane County Sheriff's Office,Active
702,Kane Police Dept,Inactive
703,Kankakee Co Circuit Clerk,Active
704,Kankakee Co Coroner's Office,Inactive
705,Kankakee Co State's Attorney,Active
706,Kankakee County Probation,Active
707,Kankakee County Sheriff's Office,Active
708,Kankakee Police Dept,Active
709,Kansas Police Dept,Active
710,Kappa Police Department,Inactive
711,Karnak Police Dept,Active
712,Keithsburg Police Dept,Active
713,Kendall Co Circuit Clerk,Active
714,Kendall Co Coroner's Office,Inactive
715,Kendall Co State's Attorney,Inactive
716,Kendall County Sheriff's Office,Active
717,Kenilworth Police Dept,Active
718,Kenney Police Dept,Inactive
719,Kewanee Park Dist Police Dept,Inactive
720,Kewanee Police Dept,Active
721,Keyesport Police Department,Active
722,Kilbourne Police Department,Active
723,Kildeer Police Dept,Active
724,Kincaid Police Dept,Active
725,Kingston Police Dept,Active
726,Kinmundy Police Dept,Active
727,Kirkland Police Dept,Active
728,Knox Co Circuit Clerk,Active
729,Knox Co Coroner's Office,Inactive
730,Knox Co State's Attorney,Inactive
731,Knox College Police Dept,Inactive
732,Knox County Sheriff's Office,Active
733,Knoxville Police Dept,Active
734,La Fayette Police Dept,Inactive
735,La Grange Park Police Dept,Active
736,La Grange Police Dept,Active
737,La Moille Police Dept,Active
738,Lacon Police Dept,Active
739,Ladd Police Dept,Active
740,Laharpe Police Dept,Active
741,Lake Bluff Police Dept,Active
742,Lake Co Circuit Clerk,Active
743,Lake Co Coroner's Office,Inactive
744,Lake Co Forest Pres Police Dept,Active
745,Lake Co Sheriff Offc. Marine Unit,Active
746,Lake Co State's Attorney,Active
747,Lake County Sheriff's Office,Active
748,Lake Forest Police Dept,Active
749,Lake in the Hills Police Dept,Active
750,Lake Land College,Active
751,Lake Springfield Police Dept,Inactive
752,Lake Villa Police Dept,Active
753,Lake Zurich Police Dept,Active
754,Lakemoor Police Dept,Active
755,Lakewood Police Dept,Active
756,Lanark Police Dept,Active
757,Lansing Police Dept,Active
758,LaSalle Co Circuit Clerk,Active
759,LaSalle Co Coroner's Office,Inactive
760,LaSalle Co State's Attorney,Active
761,LaSalle County Sheriff's Office,Active
762,LaSalle Police Dept,Active
763,Lawrence Co Circuit Clerk,Active
764,Lawrence Co Coroner's Office,Inactive
765,Lawrence Co State's Attorney,Active
766,Lawrence County Sheriff's Office,Active
767,Lawrenceville Police Dept,Active
768,Leaf River Police Dept,Inactive
769,Lebanon Police Dept,Active
770,Lee Co Circuit Clerk,Active
771,Lee Co Coroner's Office,Inactive
772,Lee Co State's Attorney,Active
773,Lee County Sheriff's Office,Active
774,Leland Grove Police Dept,Active
775,Leland Police Dept,Active
776,Lemont Police Dept,Active
777,Lena  Police Dept,Active
778,Lenzburg Police Dept,Active
779,LeRoy Police Dept,Active
780,Lewis and Clark Comm College,Inactive
781,Lewis University Police Department,Active
782,Lewistown Police Dept,Active
783,Lexington Police Dept,Active
784,Liberty Police Dept,Active
785,Libertyville Police Dept,Active
786,Lincoln Land Community College,Active
787,Lincoln Police Dept,Active
788,Lincolnshire Police Dept,Active
789,Lincolnwood Police Dept,Active
790,Lindenhurst Police Dept,Active
791,Lisle Police Dept,Active
792,Litchfield Police Dept,Active
793,Livingston Co Circuit Clerk,Active
794,Livingston Co Coroner's Office,Inactive
795,Livingston Co State's Attorney,Active
796,Livingston County Sheriff's Office,Active
797,Livingston Police Dept,Active
798,Loami Police Dept,Active
799,Lockport Police Dept,Active
800,Lockport Township Park Dist Police,Active
801,Logan Co Circuit Clerk,Active
802,Logan Co Coroner's Office,Inactive
803,Logan Co State's Attorney,Inactive
804,Logan County Sheriff's  Office,Active
805,Lombard Park Dist Police Dept,Inactive
806,Lombard Police Dept,Active
807,London Mills Police Dept,Inactive
808,Lostant Police Dept,Active
809,Loves Park Police Dept,Active
810,Lovington Police Dept,Active
811,Loyola University Police Department,Active
812,Ludlow Police Dept,Active
813,Lyndon Police Dept,Active
814,Lynwood Police Dept,Active
815,Lyons Police Department,Active
816,Mackinaw Police Dept,Active
817,Macomb Police Dept,Active
818,Macon Co Circuit Clerk,Active
819,Macon Co Conserv Dist Police,Inactive
820,Macon Co Coroner's Office,Inactive
821,Macon Co State's Attorney,Active
822,Macon County Sheriff's Office,Active
823,Macoupin Co Circuit Clerk,Active
824,Macoupin Co Coroner's Office,Inactive
825,Macoupin Co State's Attorney,Active
826,Macoupin County Sheriff's Office,Active
827,Madison Co Circuit Clerk,Active
828,Madison Co Coroner's Office,Inactive
829,Madison Co State's Attorney,Active
830,Madison County Sheriff's Office,Active
831,Madison Police Department,Active
832,Magnolia Police Dept,Inactive
833,Mahomet Police Dept,Active
834,Malta Police Dept,Active
835,Manhattan Police Dept,Active
836,Manito Police Dept,Active
837,Manlius Police Dept,Inactive
838,Mansfield Police Dept,Active
839,Manteno Police Dept,Active
840,Maple Park Police Dept,Active
841,Maquon Police Dept,Active
842,Marengo Police Dept,Active
843,Marine Police Dept,Active
844,Marion Co Circuit Clerk,Active
845,Marion Co Coroner's Office,Inactive
846,Marion Co State's Attorney,Inactive
847,Marion County Sheriff's Office,Active
848,Marion Police Dept,Active
849,Marissa Police Dept,Active
850,Mark Police Department,Active
851,Markham Park Dist Police Dept,Inactive
852,Markham Police Dept,Active
853,Maroa Police Dept,Active
854,Marquette Heights Police Dept,Active
855,Marseilles Police Dept,Active
856,Marshall Co Circuit Clerk,Active
857,Marshall Co Coroner's Office,Inactive
858,Marshall Co State's Attorney,Active
859,Marshall County Sheriff's Office,Active
860,Marshall Police Dept,Active
861,Martinsville Police Dept,Active
862,Maryville Police Dept,Active
863,Mascoutah Police Dept,Active
864,Mason City Police Dept,Active
865,Mason Co Circuit Clerk,Active
866,Mason Co Coroner's Office,Inactive
867,Mason Co State's Attorney,Inactive
868,Mason County Sheriff's Office,Active
869,Massac Co Circuit Clerk,Active
870,Massac Co Coroner's Office,Inactive
871,Massac Co State's Attorney,Inactive
872,Massac County Sheriff's Office,Active
873,Matherville Police Dept,Inactive
874,Matteson Police Dept,Active
875,Mattoon Police Dept,Active
876,Maywood Park Dist Police Dept,Inactive
877,Maywood Police Dept,Active
878,Mazon Police Dept,Active
879,McClure Police Dept,Active
880,McCook Police Dept,Active
881,McCullom Lake Police Dept,Active
882,McDonough Co Circuit Clerk,Active
883,McDonough Co Coroner's Office,Inactive
884,McDonough Co State's Attorney,Active
885,McDonough County Sheriff's Office,Active
886,McHenry Co Circuit Clerk,Active
887,McHenry Co Conserv Dist Police,Active
888,McHenry Co Coroner's Office,Inactive
889,McHenry Co State's Attorney,Active
890,McHenry County College Police,Active
891,McHenry County Sheriff's Office,Active
892,McHenry Police Dept,Active
893,McHenry Shores Police Dept,Inactive
894,McKendree University Public Safety,Active
895,McLean Co Circuit Clerk,Active
896,McLean Co Coroner's Office,Inactive
897,McLean Co State's Attorney,Inactive
898,McLean County Park Police Dept,Inactive
899,McLean County Sheriff's Office,Active
900,McLean Police Dept,Active
901,McLeansboro Police Dept,Active
902,McNabb Police Dept,Active
903,Mechanicsburg Police Dept,Inactive
904,Medinah Park District Police,Inactive
905,Medora Police Dept,Inactive
906,Melrose Park Police Dept,Active
907,Melvin Police Dept,Inactive
908,Memorial Park Dist Police Dept,Inactive
909,Menard Co Circuit Clerk,Active
910,Menard Co Coroner's Office,Inactive
911,Menard Co State's Attorney,Inactive
912,Menard County Sheriff's Office,Active
913,Mendon Police Dept,Active
914,Mendota Police Dept,Active
915,Mercer Co Circuit Clerk,Active
916,Mercer Co Coroner's Office,Inactive
917,Mercer Co State's Attorney,Active
918,Mercer County Sheriff's Office,Active
919,Meredosia Police Dept,Active
920,Merrionette Park Police Dept,Active
921,Metamora Police Dept,Active
922,Metra Police Dept,Active
923,Metro Water Reclamation District of,Active
924,Metropolis Police Dept,Active
925,Metropolitan Airport Auth Police,Active
926,Middletown Police Dept,Inactive
927,Midlothian Police Dept,Active
928,Milan Police Dept,Active
929,Milford Police Dept,Active
930,Milledgeville Police Dept,Active
931,Millington Police Dept,Inactive
932,Millstadt Police Dept,Active
933,Minier Police Dept,Active
934,Minonk Police Dept,Inactive
935,Minooka Police Dept,Active
936,Modesto Police Dept,Inactive
937,Mokena Police Dept,Active
938,Moline Police Dept,Active
939,Momence Police Dept,Active
940,Monee Police Dept,Active
941,Monmouth Police Department,Active
942,Monroe Co Circuit Clerk,Active
943,Monroe Co Coroner's Office,Inactive
944,Monroe Co State's Attorney,Active
945,Monroe County Sheriff's Office,Active
946,Montgomery Co Circuit Clerk,Active
947,Montgomery Co Coroner's Office,Inactive
948,Montgomery Co State's Attorney,Inactive
949,Montgomery County Sheriff's Office,Active
950,Montgomery Police Dept,Active
951,Monticello Police Dept,Active
952,Moraine Valley C C Police Dept,Active
953,Morgan Co Circuit Clerk,Active
954,Morgan Co Coroner's Office,Inactive
955,Morgan Co State's Attorney,Inactive
956,Morgan County Sheriff's Office,Active
957,Morris Police Dept,Active
958,Morrison Police Dept,Active
959,Morrisonville Police Dept,Active
960,Morton College Police Dept,Active
961,Morton Grove Park Dist Police Dept,Inactive
962,Morton Grove Police Dept,Active
963,Morton Police Dept,Active
964,Moultrie Co Circuit Clerk,Active
965,Moultrie Co Coroner's Office,Inactive
966,Moultrie Co State's Attorney,Inactive
967,Moultrie County Sheriff's Office,Active
968,Mound City Police Dept,Active
969,Mounds Police Dept,Active
970,Mount Carroll Police Dept,Active
971,Mount Prospect Police Dept,Active
972,Moweaqua Police Dept,Active
973,Mount Auburn Police Dept,Inactive
974,Mount Carmel Police Dept,Active
975,Mount Clare Police Dept,Inactive
976,Mount Morris Police Dept,Active
977,Mount Olive Police Dept,Active
978,Mount Pulaski Police Dept,Active
979,Mount Sterling Police Dept,Active
980,Mount Vernon Police Dept,Active
981,Mount Zion Police Dept,Active
982,Muddy Police Dept,Inactive
983,Mulberry Grove Police Department,Active
984,Mundelein Park Dist Police Dept,Inactive
985,Mundelein Police Deptartment,Active
986,Murphysboro  Police Dept,Active
987,Murrayville Police Department,Active
988,Naperville Park Dist Police Dept,Active
989,Naperville Police Dept,Active
990,Naplate Police Dept,Active
991,Nashville Police Dept,Active
992,National City Police Dept,Inactive
993,Nauvoo Police Dept,Active
994,Neoga Police Dept,Active
995,Neponset Police Dept,Active
996,New Athens Police Dept,Active
997,New Baden Police Dept,Active
998,New Berlin Police Dept,Active
999,New Boston Police Dept,Active
1000,New Douglas Police Dept,Active
1001,New Haven Police Dept,Inactive
1002,New Holland Police Dept,Inactive
1003,New Lenox Police Dept,Active
1004,New Windsor Police Dept,Active
1005,Newark Police Department,Inactive
1006,Newman Police Dept,Active
1007,Newton Police Dept,Active
1008,Niantic Police Dept,Active
1009,Niles Police Dept,Active
1010,Nilwood Police Dept,Inactive
1011,Northern Indiana Commuter Transit,Active
1012,Nokomis Police Dept,Active
1013,Non-Reimbursable Agencies,Active
1014,Norfolk Southern Railroad Police,Active
1015,Normal Police Dept,Active
1016,Norridge Police Dept,Active
1017,Norris City Police Dept,Active
1018,North Aurora Police Dept,Active
1019,North Chicago Police Dept,Active
1020,North Pekin Police Dept,Active
1021,North Riverside Police Dept,Active
1022,North Utica Police Dept,Active
1023,Northbrook Police Dept,Active
1024,Northeastern IL Univ Police Dept,Active
1025,Northern Illinois University Police,Active
1026,Northfield Police Dept,Active
1027,Northlake Police Dept,Active
1028,Northwestern Mem Hosp Security,Inactive
1029,Northwestern University Police Dept,Active
1030,Norwood Police Dept,Active
1031,O'Fallon Police Dept,Active
1032,Oak Brook Police Dept,Active
1033,Oak Forest Health Centr Pub. Safety,Inactive
1034,Oak Forest Park Dist Police Dept,Inactive
1035,Oak Forest Police Dept,Active
1036,Oak Lawn Police Dept,Active
1037,Oak Park Police Dept,Active
1038,Oakbrook Terrace Police Dept,Active
1039,Oakland Police Dept,Active
1040,Oakton C C Public Safety Dept,Active
1041,Oakwood Hills Police Dept,Active
1042,Oakwood Police Dept,Active
1043,Oblong Police Dept,Active
1044,Odin Police Dept,Active
1045,Office of the Il Fire Marshal,Active
1046,Ogden Police Dept,Inactive
1047,Ogle Co Circuit Clerk,Active
1048,Ogle Co Coroner's Office,Inactive
1049,Ogle Co State's Attorney,Inactive
1050,Ogle County Sheriff's Office,Active
1051,Oglesby Police Dept,Active
1052,Okawville Police Dept,Active
1053,Old Shawneetown Police Dept,Inactive
1054,Olmsted Police Dept,Active
1055,Olney Police Dept,Active
1056,Olympia Fields Police Dept,Active
1057,Omaha Police Dept,Inactive
1058,Onarga Police Dept,Active
1059,Oquawka Police Dept,Active
1060,Orangeville Police Dept,Active
1061,Oreana Police Dept,Active
1062,Oregon Park District PD,Inactive
1063,Oregon Police Dept,Active
1064,Orient Police Dept,Active
1065,Orion Police Dept,Inactive
1066,Orland Hills Police Dept,Active
1067,Orland Park Police Dept,Active
1068,Oswego Police Dept,Active
1069,Ottawa Police Dept,Active
1070,Palatine Police Dept,Active
1071,Palestine Police Dept,Active
1072,Palmyra Police Dept,Active
1073,Palos Heights Police Dept,Active
1074,Palos Hills Police Dept,Active
1075,Palos Park Police Dept,Active
1076,Pana Police Dept,Active
1077,Panama Police Dept,Inactive
1078,Paris Police Dept,Active
1079,Park City Police Dept,Active
1080,Park Forest Police Dept,Active
1081,Park Ridge Park Dist Police Dept,Inactive
1082,Park Ridge Police Dept,Active
1083,Parkland College Police Dept,Active
1084,Patoka Police Dept,Active
1085,Paw Paw Police Dept,Inactive
1086,Pawnee Police Dept,Active
1087,Paxton Police Dept,Active
1088,Payson Police Dept,Active
1089,Pearl City Police Dept,Active
1090,Pecatonica Police Dept,Active
1091,Pekin Park Dist Police Dept,Active
1092,Pekin Police Dept,Active
1093,Peoria Co Circuit Clerk,Active
1094,Peoria Co Coroner's Office,Inactive
1095,Peoria Co State's Attorney,Active
1096,Peoria County Sheriff's Office,Active
1097,Peoria Heights Police Dept,Active
1098,Peoria Park Dist Police Dept,Active
1099,Peoria Police Dept,Active
1100,Peoria Pub School Dist Police Dept,Inactive
1101,Peotone Police Dept,Active
1102,Percy Police Dept,Inactive
1103,Perry Co Circuit Clerk,Active
1104,Perry Co Coroner's Office,Inactive
1105,Perry Co State's Attorney,Active
1106,Perry County Sheriff's Office,Active
1107,Perry Police Dept,Inactive
1108,Peru Police Dept,Active
1109,Petersburg Police Dept,Active
1110,Phoenix Police Dept,Active
1111,Piatt Co Circuit Clerk,Active
1112,Piatt Co Coroner's Office,Inactive
1113,Piatt Co State's Attorney,Inactive
1114,Piatt County Sheriff's Office,Active
1115,Pierron Police Department,Active
1116,Pike Co Circuit Clerk,Active
1117,Pike Co Coroner's Office,Inactive
1118,Pike Co State's Attorney,Active
1119,Pike County Sheriff's Office,Active
1120,Pinckneyville Police Dept,Active
1121,Pingree Grove Police Dept,Active
1122,Piper City Police Dept,Inactive
1123,Pittsburg Police Dept,Active
1124,Pittsfield Police Dept,Active
1125,Plainfield Police Dept,Active
1126,Plano Police Dept,Active
1127,Pleasant Hill Police Dept,Active
1128,Pleasant Plains Police Dept,Active
1129,Plymouth Police Dept,Active
1130,Pocahontas Police Dept,Active
1131,Police Corps,Inactive
1132,Polo Police Dept,Active
1133,Pontiac Police Dept,Active
1134,Pontoon Beach Police Dept,Active
1135,Pope Co Circuit Clerk,Active
1136,Pope Co Coroner's Office,Inactive
1137,Pope Co State's Attorney,Active
1138,Pope County Sheriff's Office,Active
1139,Poplar Grove Police Department,Inactive
1140,Port Barrington Police Dept,Inactive
1141,Port Byron Police Dept,Inactive
1142,Posen Police Dept,Active
1143,Potomac Police Dept,Active
1144,Prairie Du Rocher Police Dept,Active
1145,Prairie Grove Police Dept,Active
1146,Prairie State College Police Dept,Active
1147,Pre-Service Training,Inactive
1148,Princeton Police Dept,Active
1149,Prophetstown Police Dept,Active
1150,Prospect Heights Park Dist. Police,Inactive
1151,Prospect Heights Police Dept,Active
1152,PTB Intern Program,Active
1153,Pulaski Co Circuit Clerk,Active
1154,Pulaski Co Coroner's Office,Inactive
1155,Pulaski Co State's Attorney,Inactive
1156,Pulaski County Sheriff's Office,Active
1157,Pulaski Police Department,Inactive
1158,Putnam Co Circuit Clerk,Active
1159,Putnam Co Coroner's Office,Inactive
1160,Putnam Co State's Attorney,Active
1161,Putnam County Sheriff's Office,Active
1162,Quincy Park Dist Police Dept,Inactive
1163,Quincy Police Dept,Active
1164,Raleigh Police Dept,Active
1165,Ramsey Police Dept,Active
1166,Randolph Co Circuit Clerk,Active
1167,Randolph Co Coroner's Office,Inactive
1168,Randolph Co State's Attorney,Active
1169,Randolph County Sheriff's Office,Active
1170,Rankin Police Dept,Active
1171,Ransom Police Dept,Inactive
1172,Rantoul Police Dept,Active
1173,Raymond Police Dept,Active
1174,Red Bud Police Dept,Active
1175,Rend Lake College Police Dept,Active
1176,Rend Lake Conserv Dist Police Dept,Inactive
1177,Richland Co Circuit Clerk,Active
1178,Richland Co Coroner's Office,Inactive
1179,Richland Co State's Attorney,Active
1180,Richland County Sheriff's Office,Active
1181,Richmond Police Dept,Active
1182,Richton Park Police Dept,Active
1183,Ridge Farm Police Dept,Active
1184,Ridgway Police Dept,Active
1185,Ridott Police Dept,Active
1186,Rio Police Department,Inactive
1187,River Forest Police Dept,Active
1188,River Grove Police Dept,Active
1189,Riverdale Police Dept,Active
1190,Riverside Police Dept,Active
1191,Riverton Police Dept,Active
1192,Riverwoods Police Dept,Active
1193,Roanoke Police Dept,Inactive
1194,Robbins Police Dept,Active
1195,Roberts Police Dept,Inactive
1196,Robinson Police Dept,Active
1197,Rochelle Police Dept,Active
1198,Rochester Police Dept,Active
1199,Rock Falls Police Dept,Active
1200,Rock Island Co Circuit Clerk,Active
1201,Rock Island Co Coroner's Office,Inactive
1202,Rock Island Co State's Attorney,Active
1203,Rock Island County Sheriff's Office,Active
1204,Rock Island Police Dept,Active
1205,Rock Valley College Police Dept,Active
1206,Rockdale Police Dept,Active
1207,Rockford Metro Centre Police Dept,Active
1208,Rockford Park Dist Police Dept,Active
1209,Rockford Police Dept,Active
1210,Rockton Police Dept,Active
1211,Rolling Meadows Police Dept,Active
1212,Romeoville Police Dept,Active
1213,Roodhouse Police Dept,Active
1214,Roscoe Police Dept,Active
1215,Roselle Police Dept,Active
1216,Rosemont Police Dept,Active
1217,Rosiclare Police Dept,Active
1218,Rossville Police Dept,Active
1219,Round Lake Area Park Dist Police,Inactive
1220,Round Lake Beach Police Dept,Active
1221,Round Lake Heights Police Dept,Active
1222,Round Lake Park PD,Active
1223,Round Lake Police Dept,Active
1224,Roxana Police Dept,Active
1225,Royal Lakes Police Dept,Inactive
1226,Royalton Police Dept,Active
1227,Ruma Police Dept,Active
1228,Rushville Police Dept,Active
1229,Russellville Police Dept,Inactive
1230,Rutland Police Department,Inactive
1231,Saint Elmo Police Dept,Active
1232,Salem Police Dept,Active
1233,Saline Co Circuit Clerk,Active
1234,Saline Co Coroner's Office,Inactive
1235,Saline Co State's Attorney,Active
1236,Saline County Sheriff's Office,Active
1237,San Jose Police Dept,Active
1238,Sandoval Police Dept,Active
1239,Sandwich Police Dept,Active
1240,Sangamon Co Circuit Clerk,Active
1241,Sangamon Co Coroner's Office,Inactive
1242,Sangamon Co State's Attorney,Active
1243,Sangamon County Sheriff's Office,Active
1244,Sauget Police Dept,Active
1245,Sauk Village Police Dept,Active
1246,Savanna Police Dept,Active
1247,Saybrook Police Dept,Inactive
1248,Scales Mound Police Dept,Active
1249,Schaumburg Police Dept,Active
1250,Schiller Park Police Dept,Active
1251,Schram City Police Dept,Inactive
1252,Schuyler Co Circuit Clerk,Active
1253,Schuyler Co Coroner's Office,Inactive
1254,Schuyler Co State's Attorney,Active
1255,Schuyler County Sheriff's Office,Active
1256,Scott Co Circuit Clerk,Active
1257,Scott Co Coroner's Office,Inactive
1258,Scott Co State's Attorney,Inactive
1259,Scott County Sheriff's Office,Active
1260,Seaton Police Department,Inactive
1261,Secretary of State Police,Active
1262,Seneca Police Dept,Active
1263,Sesser Police Dept,Active
1264,Shabbona Police Dept,Inactive
1265,Shannon Police Dept,Active
1266,Shawnee Community College Police,Inactive
1267,Shawneetown Police Dept,Active
1268,Sheffield Police Dept,Active
1269,Shelby Co Circuit Clerk,Active
1270,Shelby Co Coroner's Office,Inactive
1271,Shelby Co State's Attorney,Inactive
1272,Shelby County Sheriff's Office,Active
1273,Shelbyville Police Dept,Active
1274,Sheldon Police Dept,Active
1275,Sheridan Police Dept,Active
1276,Sherman Police Dept,Active
1277,Sherrard Police Dept,Active
1278,Shiloh Police Dept,Active
1279,Shipman Police Dept,Inactive
1280,Shorewood Police Dept,Active
1281,Sidell Police Dept,Active
1282,Silvis Police Dept,Active
1283,SIU School Of Medicine Police,Active
1284,SIU Police Dept,Active
1285,SIU-E Police Dept,Active
1286,Skokie Police Dept,Active
1287,Sleepy Hollow Police Dept,Active
1288,Smithton Police Dept,Active
1289,Somonauk Police Dept,Active
1290,Sorento Police Dept,Active
1291,SOS Capital Police Dept,Active
1292,South Barrington Police Dept,Active
1293,South Beloit Police Dept,Active
1294,South Chicago Heights Police Dept,Active
1295,South Elgin Police Dept,Active
1296,South Holland Police Dept,Active
1297,South Jacksonville Police Dept,Active
1298,South Pekin Police Dept,Active
1299,South Roxana Police Dept,Active
1300,South Suburban College Police Dept,Active
1301,Southern Illinois Airport Authority,Active
1302,Southern View Police Dept,Active
1303,Southwestern IL College Police Dept,Active
1304,Sparland Police Dept,Inactive
1305,Sparta Police Dept,Active
1306,Spaulding Police Dept,Active
1307,Spillertown Police Dept,Active
1308,Spring Bay Police Dept,Inactive
1309,Spring Grove Police Dept,Active
1310,Spring Valley Police Dept,Active
1311,Springfield Park Dist Police Dept,Active
1312,Springfield Police Dept,Active
1313,Saint Anne Police Dept,Active
1314,Saint Augustine Police Dept,Inactive
1315,Saint Charles Police Dept,Active
1316,Saint Clair Co Circuit Clerk,Active
1317,Saint Clair Co Coroner's Office,Inactive
1318,Saint Clair Co State's Attorney,Active
1319,Saint Clair County - Metro Patrol,Inactive
1320,Saint Clair County Sheriff's Office,Active
1321,Saint David Police Dept,Inactive
1322,Saint Francisville Police Dept,Active
1323,Saint Jacob Police Dept,Active
1324,Saint Johns Police Dept,Inactive
1325,Saint Peter Police Dept,Inactive
1326,Saint Xavier University Police Dept,Active
1327,Standard Police Department,Inactive
1328,Stanford Police Dept,Active
1329,Stark Co Circuit Clerk,Active
1330,Stark Co Coroner's Office,Inactive
1331,Stark Co State's Attorney,Inactive
1332,Stark County Sheriff's Office,Active
1333,State's Attorneys Appellate Prosecu,Inactive
1334,Staunton Police Dept,Active
1335,Steeleville Police Dept,Active
1336,Steger Police Dept,Active
1337,Stephenson Co Circuit Clerk,Active
1338,Stephenson Co Coroner's Office,Inactive
1339,Stephenson Co State's Attorney,Inactive
1340,Stephenson County Sheriff's Office,Active
1341,Sterling Police Dept,Active
1342,Stewardson Police Dept,Active
1343,Stickney Police Dept,Active
1344,Stockton Police Dept,Active
1345,Stone Park Police Dept,Active
1346,Stonington Police Dept,Active
1347,Strasburg Police Dept,Inactive
1348,Streamwood Police Dept,Active
1349,Streator Police Dept,Active
1350,Stronghurst Police Dept,Active
1351,Sugar Grove Police Dept,Active
1352,Sullivan Police Dept,Active
1353,Summerfield Police Dept,Active
1354,Summit Police Dept,Active
1355,Sumner Police Dept,Active
1356,Sun River Terrace Police Dept,Inactive
1357,Sunnyside Police Department,Inactive
1358,Swansea Police Dept,Active
1359,Sycamore Police Dept,Active
1360,Tallula Police Department,Inactive
1361,Tamaroa Police Dept,Inactive
1362,Tamms Police Dept,Active
1363,Tampico Police Dept,Active
1364,Taylor Springs Police Dept,Active
1365,Taylorville Police Dept,Active
1366,Tazewell Co Circuit Clerk,Active
1367,Tazewell Co Coroner's Office,Inactive
1368,Tazewell Co State's Attorney,Active
1369,Tazewell County Sheriff's Office,Active
1370,Terminal Railroad Police Department,Active
1371,Teutopolis Police Dept,Active
1372,Thayer Police Dept,Active
1373,Thebes Police Dept,Inactive
1374,Thomasboro Police Dept,Active
1375,Thompsonville Police Dept,Active
1376,Thomson Police Dept,Active
1377,Thornton Police Dept,Active
1378,Tilden Police Dept,Active
1379,Tilton Police Dept,Active
1380,Tinley Park Police Dept,Active
1381,Tiskilwa  Police Dept,Active
1382,Toledo Police Dept,Active
1383,Tolono Police Dept,Active
1384,Toluca Police Dept,Active
1385,Tonica Police Dept,Active
1386,Topeka Police Dept,Inactive
1387,Toulon Police Dept,Active
1388,Tovey Police Dept,Inactive
1389,Tower Lakes Police Dept,Active
1390,Tremont Area Park District,Inactive
1391,Tremont Police Dept,Active
1392,Trenton Police Dept,Active
1393,Triton College Police Dept,Active
1394,Troy Police Dept,Active
1395,Tuscola Police Dept,Active
1396,U of I at Chicago Campus Police Dep,Active
1397,U of I Springfield Campus Police,Active
1398,Ullin Police Dept,Active
1399,Union Co Circuit Clerk,Active
1400,Union Co Coroner's Office,Inactive
1401,Union Co State's Attorney,Inactive
1402,Union County Sheriff's Office,Active
1403,Union Pacific Railroad Police Dept,Active
1404,Union Police Dept,Active
1405,United States Government Agency,Inactive
1406,University Of Chicago Police Dept,Active
1407,University of Illinois Police Dept,Active
1408,University Park Police Dept,Active
1409,Urbana Park District Police Dept,Inactive
1410,Urbana Police Dept,Active
1411,Valier Police Dept,Active
1412,Valmeyer Police Dept,Active
1413,Vandalia Police Dept,Active
1414,Venice Police Dept,Active
1415,Vermilion Co Circuit Clerk,Active
1416,Vermilion Co Conv Dist Police,Active
1417,Vermilion Co Coroner's Office,Inactive
1418,Vermilion Co State's Attorney,Inactive
1419,Vermilion County Probation,Active
1420,Vermilion County Sheriff's Office,Active
1421,Vermont Police Dept,Active
1422,Vernon Hills Police Dept,Active
1423,Versailles Police Dept,Inactive
1424,Veterans Administration Police Dept,Inactive
1425,Veterans Park Dist Police Dept,Inactive
1426,Victoria Police Dept,Inactive
1427,Vienna Police Dept,Active
1428,Villa Grove Police Dept,Active
1429,Villa Park Police Dept,Active
1430,Village of Eldred,Inactive
1431,Viola Police Dept,Active
1432,Virden Police Dept,Active
1433,Virginia Police Dept,Active
1434,Wabash Co Circuit Clerk,Active
1435,Wabash Co Coroner's Office,Inactive
1436,Wabash Co State's Attorney,Active
1437,Wabash County Sheriff's Office,Active
1438,Walnut Police Dept,Active
1439,Wamac Police Dept,Active
1440,Warren Co Circuit Clerk,Active
1441,Warren Co Coroner's Office,Inactive
1442,Warren Co State's Attorney,Active
1443,Warren County Sheriff's Office,Active
1444,Warren Police Dept,Active
1445,Warrensburg Police Dept,Active
1446,Warrenville Police Dept,Active
1447,Warsaw Police Dept,Inactive
1448,Washburn Police Dept,Inactive
1449,Washington Co Circuit Clerk,Active
1450,Washington Co Coroner's Office,Inactive
1451,Washington Co State's Attorney,Active
1452,Washington County Sheriff's Office,Active
1453,Washington Park Police Dept,Active
1454,Washington Police Dept,Active
1455,Wataga Police Dept,Inactive
1456,Waterloo Police Dept,Active
1457,Waterman Police Dept,Active
1458,Watseka Police Dept,Active
1459,Waubonsee College Police Dept,Active
1460,Wauconda Police Dept,Active
1461,Waukegan Police Dept,Active
1462,Waverly Police Dept,Active
1463,Wayne City Police Dept,Active
1464,Wayne Co Circuit Clerk,Active
1465,Wayne Co Coroner's Office,Inactive
1466,Wayne Co State's Attorney,Active
1467,Wayne County Sheriff's Office,Active
1468,Wayne Police Dept,Active
1469,Wellington Police Dept,Inactive
1470,Wenona Police Dept,Active
1471,West Chicago Police Dept,Active
1472,West City Police Dept,Active
1473,West Dundee Police Dept,Active
1474,West Frankfort Police Dept,Active
1475,West Salem Police Dept,Active
1476,Westchester Police Dept,Active
1477,Western Springs Police Dept,Active
1478,Westfield Police Dept,Active
1479,Westmont Police Dept,Active
1480,Westville Police Dept,Active
1481,Wheaton Police Dept,Active
1482,Wheeling Police Dept,Active
1483,White City Police Dept,Inactive
1484,White Co Circuit Clerk,Active
1485,White Co Coroner's Office,Inactive
1486,White Co State's Attorney,Active
1487,White County Sheriff's Office,Active
1488,White Hall Police Dept,Active
1489,Whiteash Police Dept,Inactive
1490,Whiteside Co Circuit Clerk,Active
1491,Whiteside Co Coroner's Office,Inactive
1492,Whiteside Co State's Attorney,Inactive
1493,Whiteside County Sheriff's Office,Active
1494,Will Co Circuit Clerk,Active
1495,Will Co Coroner's Office,Inactive
1496,Will Co Forest Pres Police Dept,Active
1497,Will Co State's Attorney,Active
1498,Will County Sheriff's Office,Active
1499,Williamsfield Police Dept,Active
1500,Williamson Co Circuit Clerk,Active
1501,Williamson Co Coroner's Office,Inactive
1502,Williamson Co State's Attorney,Active
1503,Williamson County Sheriff's Office,Active
1504,Williamson Police Dept,Active
1505,Williamsville Police Dept,Active
1506,Willisville Police Department,Active
1507,Willow Springs Police Department,Active
1508,Willowbrook Police Dept,Active
1509,Wilmette Police Dept,Active
1510,Wilmington Police Dept,Active
1511,Wilsonville Police Dept,Active
1512,Winchester Police Dept,Active
1513,Windsor Police Dept,Active
1514,Winfield Police Dept,Active
1515,Winnebago Co Circuit Clerk,Active
1516,Winnebago Co Coroner's Office,Inactive
1517,Winnebago Co State's Attorney,Active
1518,Winnebago County Forest Preserve PD,Inactive
1519,Winnebago County Sheriff's Office,Active
1520,Winnebago Police Dept,Active
1521,Winnetka Police Dept,Active
1522,Winthrop Harbor Police Dept,Active
1523,Witt Police Dept,Active
1524,WIU Office Of Public Safety,Active
1525,Wonder Lake Police Dept,Active
1526,Wood Dale Police Dept,Active
1527,Wood River Police Dept,Active
1528,Woodford Co Circuit Clerk,Active
1529,Woodford Co Coroner's Office,Inactive
1530,Woodford Co State's Attorney,Inactive
1531,Woodford County Sheriff's Office,Active
1532,Woodhull Police Dept,Active
1533,Woodland Police Dept,Active
1534,Woodridge Police Dept,Active
1535,Woodson Police Dept,Inactive
1536,Woodstock Police Dept,Active
1537,Worden Police Dept,Active
1538,Worth Police Dept,Active
1539,Wyanet Police Dept,Active
1540,Wyoming Police Dept,Active
1541,Xenia Police Dept,Active
1542,Yates City Police Dept,Active
1543,Yorkville Police Dept,Active
1544,Zeigler Police Dept,Active
1545,Zion Park Dist Police Dept,Active
1546,Zion Police Dept,Active
1547,Kankakee Community College Police,Active
1548,ILESTB-EI,Active
1550,MTU1,Active
1551,MTU10,Active
1553,MTU11,Inactive
1554,MTU12,Active
1555,MTU14,Active
1556,MTU15,Active
1557,MTU16,Active
1559,MTU 2,Active
1562,MTU 3,Active
1564,MTU 4,Active
1565,MTU 5,Active
1570,MTU 6,Inactive
1571,MTU 7,Active
1572,MTU 8,Active
1573,MTU 9,Active
1575,Lomax Police Dept,Active
1577,ILETSB,Active
1578,Freeport Park District Police,Active
1580,Millikin University Police Dept,Active
1582,AG Valley Railroad Police Dept,Active
1584,Augustana College Police Dept,Active
1587,Lima Police Department,Inactive
1589,Plainville Police Dept,Active
1590,North City Police Dept,Inactive
1591,MTU13,Active
1592,Piatt County Probation,Active
1594,Shelby County Animal Control,Active
1605,Peoria County Probation,Active
1606,Iroquois County Probation,Active
1607,Tazewell County Probation,Active
1608,Cook County Probation,Active
1609,Ursa Police Dept,Active
1610,DeWitt County Probation,Active
1611,Macon County Probation,Inactive
1612,Calumet Memorial Public Safety,Inactive
1613,Coles County Probation,Active
1615,Farmersville Police Dept,Active
1616,Rockford University Police Dept,Active
1617,Moody Bible Institute Police Dept,Active
1618,Sluga Meadows Police Dept,Active
1619,IL Supreme Crt Marshals Office,Active
1620,Dana Police Dept,Active
1621,Chatsworth Police Dept,Active
1623,Illinois Dept Lottery Invest,Active
1624,Eureka College Police Dept.,Active
1625,Richland CC Police Dept.,Active
1626,Kaskaskia College Police Dept.,Active
1627,Champaign County Probation,Active
1628,Madison County Probation,Active
1629,Douglas County Probation,Active
1630,Cahokia Heights Police Dept,Active
1631,Illinois State Police,Active
2631,Saint Clair County Probation,Active
